{"stats":{"minecraft:killed":{"minecraft:sheep":7,"minecraft:slime":7},"minecraft:used":{"minecraft:glass":2,"minecraft:green_concrete":95,"minecraft:purple_concrete":92,"minecraft:diamond_sword":12,"minecraft:lime_concrete":1,"minecraft:grass_block":14,"minecraft:stone":11,"minecraft:smooth_quartz":96,"minecraft:grass":1},"minecraft:custom":{"minecraft:time_since_rest":99497,"minecraft:crouch_one_cm":11213,"minecraft:play_time":99497,"minecraft:sprint_one_cm":255111,"minecraft:walk_one_cm":195646,"minecraft:sneak_time":4171,"minecraft:mob_kills":14,"minecraft:jump":394,"minecraft:damage_dealt":610,"minecraft:leave_game":35,"minecraft:walk_on_water_one_cm":216,"minecraft:time_since_death":99497,"minecraft:total_world_time":99497,"minecraft:fly_one_cm":313944},"minecraft:picked_up":{"minecraft:slime_ball":5,"minecraft:wheat_seeds":11}},"DataVersion":3105}